{"Applied-Machine-Learning-and-AI-for-Engineers.pdf": 1740069865.7242076, "Artificial Intelligence. A modern approach (Stuart Russell  Peter Norvig) (Z-Library).pdf": 1740069849.9199648, "Deep Learning by Ian Goodfellow, Yoshua Bengio, Aaron Courville.pdf": 1740069944.5031853, "Gans-in-action-deep-learning-with-generative-adversarial-networks.pdf": 1740069893.1066446, "Generative-Deep-Learning.pdf": 1740069926.3241723, "Hands-On Generative AI with Transformers and Diffusion.pdf": 1740069884.5098283, "Hands-On_Large_Language_Models.pdf": 1740069907.7748873, "LLM Engineers Handbook.pdf": 1740069884.4998116, "ML Math.pdf": 1740069926.765039, "NLP with Transformer models.pdf": 1740069932.3288155}